{
    "annotation": "Default configuration file. **DO NOT PUT CREDENTIALS IN HERE UNLESS truly PUBLIC**",
    "app_name": "imf-mm-api-server-js",
    "app_version": "0.1",
    "app_authors": ["Mr MXF"],
    "prefix": "1",
    "provider_id": "imf-mm-api Demo App (unmodified)",
    "database": "aws-simple-db",
    "default_get_limit": 20,
    "s3_asset_buckets":[
        {
            "comment":"hierarichally scan below this public bs500 root for IMF assets",
            "arn":"arn:aws:s3:::imf-mm-api-media",
            "bucket":"imf-mm-api-media",
            "root":"media/bs500",
            "region": "us-east-2"
        }
    ]
}